model,split,rows,positives,prevalence,average_precision,roc_auc,log_loss,configuration_id,fold,train_weeks,validation_week,fit_seconds,predict_seconds,minimum_probability,maximum_probability
ExtraTrees,temporal_validation_week_4,4733,557,0.11768434396788506,0.14072436721206816,0.5500969032240313,0.3681783595922963,ExtraTrees_C01,1,"1, 2, 3",4,1.2759225000045262,0.144529600001988,0.01,0.52
ExtraTrees,temporal_validation_week_5,4681,528,0.11279641102328562,0.14687044075263453,0.5584195707374734,0.3550981775110998,ExtraTrees_C01,2,"1, 2, 3, 4",5,1.6247172000003047,0.14595470001222566,0.0033333333333333335,0.4666666666666667
ExtraTrees,temporal_validation_week_6,4241,473,0.11153029945767508,0.14474401560095745,0.5811725984478169,0.34879763089862864,ExtraTrees_C01,3,"1, 2, 3, 4, 5",6,2.125316199992085,0.11027239999384619,0.013333333333333334,0.52
ExtraTrees,temporal_validation_week_4,4733,557,0.11768434396788506,0.14751504372667062,0.5692840855155905,0.3615354399013495,ExtraTrees_C02,1,"1, 2, 3",4,1.1345765000005485,0.10014309998950921,0.020243887743370895,0.41412793317793317
ExtraTrees,temporal_validation_week_5,4681,528,0.11279641102328562,0.15211526763053695,0.5780728972849127,0.34991662167167226,ExtraTrees_C02,2,"1, 2, 3, 4",5,1.4439214000012726,0.11192229999869596,0.014613746613746613,0.3932489393418187
ExtraTrees,temporal_validation_week_6,4241,473,0.11153029945767508,0.14858372471661513,0.5896466516744994,0.34574214040288853,ExtraTrees_C02,3,"1, 2, 3, 4, 5",6,1.8995341999980155,0.11037330000544898,0.02239507548007548,0.4060820297531469
ExtraTrees,temporal_validation_week_4,4733,557,0.11768434396788506,0.15348855670347125,0.5858724213596374,0.35765144871444104,ExtraTrees_C03,1,"1, 2, 3",4,0.9206058999989182,0.10112110000045504,0.031129876542723825,0.3204204344433708
ExtraTrees,temporal_validation_week_5,4681,528,0.11279641102328562,0.15942800613998478,0.5907699983217681,0.34736375164326966,ExtraTrees_C03,2,"1, 2, 3, 4",5,1.1996209999924758,0.10203480000200216,0.026493995417132415,0.319230391223074
ExtraTrees,temporal_validation_week_6,4241,473,0.11153029945767508,0.15004379054931752,0.5922461543295494,0.34465378607963026,ExtraTrees_C03,3,"1, 2, 3, 4, 5",6,1.590242499994929,0.1221774000005098,0.03109190593718597,0.2937420192661544
ExtraTrees,temporal_validation_week_4,4733,557,0.11768434396788506,0.1536092394359087,0.5917928042262532,0.35709920313798643,ExtraTrees_C04,1,"1, 2, 3",4,0.8743149999936577,0.11081040000135545,0.039243329055634095,0.2889973031990683
ExtraTrees,temporal_validation_week_5,4681,528,0.11279641102328562,0.1563294260276475,0.5944785259286824,0.3472407691747291,ExtraTrees_C04,2,"1, 2, 3, 4",5,1.1146141000062926,0.11273629999777768,0.0375997699121666,0.27710072346806025
ExtraTrees,temporal_validation_week_6,4241,473,0.11153029945767508,0.15195373996632777,0.595011176795357,0.3443698856852806,ExtraTrees_C04,3,"1, 2, 3, 4, 5",6,1.3929691000084858,0.08866970000963192,0.04391505958517125,0.25915018395015466
ExtraTrees,temporal_validation_week_4,4733,557,0.11768434396788506,0.13969681362697484,0.5570269454590479,0.37706112501482025,ExtraTrees_C05,1,"1, 2, 3",4,3.4246650999994017,0.12247289999504574,0.0,0.6466666666666666
ExtraTrees,temporal_validation_week_5,4681,528,0.11279641102328562,0.1519227474550062,0.5699653955884392,0.3559279754813642,ExtraTrees_C05,2,"1, 2, 3, 4",5,4.778223100001924,0.13439360000484157,0.0033333333333333335,0.57
ExtraTrees,temporal_validation_week_6,4241,473,0.11153029945767508,0.14054801308493922,0.5717334805618023,0.3541521938846537,ExtraTrees_C05,3,"1, 2, 3, 4, 5",6,6.139540100004524,0.14466870001342613,0.01,0.6866666666666666
ExtraTrees,temporal_validation_week_4,4733,557,0.11768434396788506,0.14514719219989444,0.5717086007415203,0.3644123514361275,ExtraTrees_C06,1,"1, 2, 3",4,3.0166262999991886,0.11327309999614954,0.00861111111111111,0.6008888888888887
ExtraTrees,temporal_validation_week_5,4681,528,0.11279641102328562,0.15158927897869867,0.5793085411057359,0.3514522210516269,ExtraTrees_C06,2,"1, 2, 3, 4",5,4.988780200001202,0.10481309999886435,0.005888888888888889,0.4835555555555556
ExtraTrees,temporal_validation_week_6,4241,473,0.11153029945767508,0.1437927924287358,0.5838054856070706,0.3488633022991406,ExtraTrees_C06,3,"1, 2, 3, 4, 5",6,5.695776500011561,0.1669267000106629,0.011666666666666667,0.5478333333333334
ExtraTrees,temporal_validation_week_4,4733,557,0.11768434396788506,0.1484412540347981,0.5747827201001534,0.3610757609234657,ExtraTrees_C07,1,"1, 2, 3",4,2.6774626999977045,0.1573567000014009,0.013175136844355449,0.44041036792584776
ExtraTrees,temporal_validation_week_5,4681,528,0.11279641102328562,0.1528346959620756,0.5825836014856,0.3497009419287348,ExtraTrees_C07,2,"1, 2, 3, 4",5,3.653102600001148,0.12339829999837093,0.014803898429285428,0.42531612185207895
ExtraTrees,temporal_validation_week_6,4241,473,0.11153029945767508,0.1511946089759933,0.5907373991731866,0.34552924517075806,ExtraTrees_C07,3,"1, 2, 3, 4, 5",6,4.877938699995866,0.11367940000491217,0.017438491147082482,0.41916364562285985
ExtraTrees,temporal_validation_week_4,4733,557,0.11768434396788506,0.15033225861843408,0.579222469854241,0.3591879828031449,ExtraTrees_C08,1,"1, 2, 3",4,1.0306084000039846,0.10113739999360405,0.015268268946879469,0.399910114410083
ExtraTrees,temporal_validation_week_5,4681,528,0.11279641102328562,0.15483797328820859,0.5869501966449956,0.34833633289588883,ExtraTrees_C08,2,"1, 2, 3, 4",5,1.2833050999906845,0.12311590000172146,0.012511583909440908,0.3869896805643693
ExtraTrees,temporal_validation_week_6,4241,473,0.11153029945767508,0.1499319834656274,0.5920890507803557,0.3452674468172704,ExtraTrees_C08,3,"1, 2, 3, 4, 5",6,1.6075301000091713,0.11048600000503939,0.0207545687650877,0.4086870232661793
ExtraTrees,temporal_validation_week_4,4733,557,0.11768434396788506,0.14939748641400213,0.5762053144582706,0.3607519367308643,ExtraTrees_C09,1,"1, 2, 3",4,2.5857888000027742,0.09031870000762865,0.014928105033368198,0.4529824564267291
ExtraTrees,temporal_validation_week_5,4681,528,0.11279641102328562,0.1551139623903387,0.581878561682318,0.3493554171765005,ExtraTrees_C09,2,"1, 2, 3, 4",5,3.4501748999900883,0.11097910000535194,0.010825989541933817,0.4218451947662471
ExtraTrees,temporal_validation_week_6,4241,473,0.11153029945767508,0.15086039865295608,0.5914589533312685,0.34537352930991344,ExtraTrees_C09,3,"1, 2, 3, 4, 5",6,4.641772500006482,0.10986600001342595,0.021398285495034725,0.4225402294611169
ExtraTrees,temporal_validation_week_4,4733,557,0.11768434396788506,0.15579646180814954,0.5919260784030486,0.35702146393540996,ExtraTrees_C10,1,"1, 2, 3",4,0.7107015999936266,0.09072550000564661,0.039114663727351055,0.30990318875556283
ExtraTrees,temporal_validation_week_5,4681,528,0.11279641102328562,0.15763256325016156,0.5959073032273129,0.3472576134527519,ExtraTrees_C10,2,"1, 2, 3, 4",5,0.9157580000028247,0.09040499999537133,0.03687541893709156,0.30715572994393275
ExtraTrees,temporal_validation_week_6,4241,473,0.11153029945767508,0.15214284475760342,0.5967258498179843,0.3446052587331284,ExtraTrees_C10,3,"1, 2, 3, 4, 5",6,1.1626066000026185,0.08848569999099709,0.04478740368449264,0.2958908131462222
ExtraTrees,temporal_validation_week_4,4733,557,0.11768434396788506,0.1465529179604979,0.5835121786802588,0.47526656831975694,ExtraTrees_C11,1,"1, 2, 3",4,1.0873649999994086,0.11257210001349449,0.04818630000577649,0.6258789472456303
ExtraTrees,temporal_validation_week_5,4681,528,0.11279641102328562,0.14395914115885203,0.5776040868594444,0.47940931153717925,ExtraTrees_C11,2,"1, 2, 3, 4",5,1.348926599996048,0.10020579998672474,0.0443855487929369,0.6505387874788916
ExtraTrees,temporal_validation_week_6,4241,473,0.11153029945767508,0.13887387853093483,0.5745579779426617,0.4868001116630328,ExtraTrees_C11,3,"1, 2, 3, 4, 5",6,1.7659303999971598,0.09900909999851137,0.06186354646226306,0.653122208080862
ExtraTrees,temporal_validation_week_4,4733,557,0.11768434396788506,0.14363501464264206,0.5784438907117357,0.4264294041039785,ExtraTrees_C12,1,"1, 2, 3",4,2.900364899993292,0.13409089999913704,0.014677144320647711,0.731277931043559
ExtraTrees,temporal_validation_week_5,4681,528,0.11279641102328562,0.13997006101159892,0.5690482965946487,0.4282211315493828,ExtraTrees_C12,2,"1, 2, 3, 4",5,4.05936240000301,0.15787539999291766,0.02060157540310057,0.5895143762286251
ExtraTrees,temporal_validation_week_6,4241,473,0.11153029945767508,0.1348696552478355,0.5675657478353375,0.43234263481075724,ExtraTrees_C12,3,"1, 2, 3, 4, 5",6,5.277169900000445,0.13294689999020193,0.026841444311767302,0.6164062908612141
HistGradientBoosting,temporal_validation_week_4,4733,557,0.11768434396788506,0.13791317234650208,0.5579764164895411,0.3760486546431913,HistGradientBoosting_C01,1,"1, 2, 3",4,0.8980622999952175,0.02362939999147784,0.004665136179894075,0.7699866281543551
HistGradientBoosting,temporal_validation_week_5,4681,528,0.11279641102328562,0.14454802441526488,0.5778403162372582,0.35649062452229424,HistGradientBoosting_C01,2,"1, 2, 3, 4",5,0.8142296000005445,0.022164499998325482,0.0024333201380677062,0.5810790173516099
HistGradientBoosting,temporal_validation_week_6,4241,473,0.11153029945767508,0.14212891771797453,0.5567895665288645,0.353982372978146,HistGradientBoosting_C01,3,"1, 2, 3, 4, 5",6,0.8830077000020538,0.02016090000688564,0.0032227634588470467,0.6747671495684051
HistGradientBoosting,temporal_validation_week_4,4733,557,0.11768434396788506,0.13854533528353846,0.5576685961328133,0.37630671731783805,HistGradientBoosting_C02,1,"1, 2, 3",4,0.7666312999936054,0.02444890000333544,0.004122192313084418,0.7134248736326685
HistGradientBoosting,temporal_validation_week_5,4681,528,0.11279641102328562,0.14756946658900183,0.5824686790855825,0.354701775807628,HistGradientBoosting_C02,2,"1, 2, 3, 4",5,0.8202191000018502,0.024641500000143424,0.006555860975402398,0.6000626427329914
HistGradientBoosting,temporal_validation_week_6,4241,473,0.11153029945767508,0.15506494811126592,0.5738313740276413,0.3497721119598401,HistGradientBoosting_C02,3,"1, 2, 3, 4, 5",6,0.8545518000028096,0.02204179999534972,0.0075801559909386505,0.5830329814666366
HistGradientBoosting,temporal_validation_week_4,4733,557,0.11768434396788506,0.14424261136645983,0.5690824545836,0.36538267118303186,HistGradientBoosting_C03,1,"1, 2, 3",4,0.4954079999879468,0.020344000004115514,0.015203214084003106,0.6654644199241169
HistGradientBoosting,temporal_validation_week_5,4681,528,0.11279641102328562,0.1476058593017298,0.5685680851374326,0.3525308905448716,HistGradientBoosting_C03,2,"1, 2, 3, 4",5,0.5380183000088437,0.01894539999193512,0.008374765632036398,0.5735862807829296
HistGradientBoosting,temporal_validation_week_6,4241,473,0.11153029945767508,0.14857356370762625,0.5768960154051251,0.34805126166604455,HistGradientBoosting_C03,3,"1, 2, 3, 4, 5",6,0.6479586999921594,0.01751430000877008,0.010443594058597253,0.5754964195136161
HistGradientBoosting,temporal_validation_week_4,4733,557,0.11768434396788506,0.1394095901016586,0.55770986813595,0.38800821177720757,HistGradientBoosting_C04,1,"1, 2, 3",4,1.381752300003427,0.03468410001369193,0.002967981045651093,0.6033645932933891
HistGradientBoosting,temporal_validation_week_5,4681,528,0.11279641102328562,0.14080421466832194,0.5678001116389029,0.3653163009142437,HistGradientBoosting_C04,2,"1, 2, 3, 4",5,1.4528289000008954,0.027277700006379746,0.003422401509629388,0.62694789009401
HistGradientBoosting,temporal_validation_week_6,4241,473,0.11153029945767508,0.148551751682714,0.5724763559158463,0.3562112860240931,HistGradientBoosting_C04,3,"1, 2, 3, 4, 5",6,1.5761828000104288,0.026151500002015382,0.004747235212413614,0.7950394664984894
HistGradientBoosting,temporal_validation_week_4,4733,557,0.11768434396788506,0.1366097973639091,0.5498484113718126,0.37529342288724626,HistGradientBoosting_C05,1,"1, 2, 3",4,1.1777714000054402,0.035391299999901094,0.005538495627582341,0.7081530294199937
HistGradientBoosting,temporal_validation_week_5,4681,528,0.11279641102328562,0.14922970452570206,0.577606367065794,0.3537930168038101,HistGradientBoosting_C05,2,"1, 2, 3, 4",5,1.2631012000056216,0.03192150000541005,0.004362811216147059,0.6281741719904969
HistGradientBoosting,temporal_validation_week_6,4241,473,0.11153029945767508,0.14803769820304546,0.5746640228383674,0.34961973938431684,HistGradientBoosting_C05,3,"1, 2, 3, 4, 5",6,1.383294900006149,0.02766890000202693,0.003998344174209222,0.6637599234484889
HistGradientBoosting,temporal_validation_week_4,4733,557,0.11768434396788506,0.13882670760047922,0.5578177772274844,0.37285253446733496,HistGradientBoosting_C06,1,"1, 2, 3",4,1.1354717000067467,0.03829720000794623,0.006095678194244452,0.6642366217216548
HistGradientBoosting,temporal_validation_week_5,4681,528,0.11279641102328562,0.14917313077356478,0.5817741282315084,0.35321057987317533,HistGradientBoosting_C06,2,"1, 2, 3, 4",5,1.2526643000019249,0.033537399998749606,0.004009852448299334,0.5826157757837532
HistGradientBoosting,temporal_validation_week_6,4241,473,0.11153029945767508,0.15520095088591138,0.5823884677017546,0.3483157565687903,HistGradientBoosting_C06,3,"1, 2, 3, 4, 5",6,1.3270161999971606,0.03009790000214707,0.007448319651451426,0.5952368967604946
HistGradientBoosting,temporal_validation_week_4,4733,557,0.11768434396788506,0.14757924201726574,0.5694109109418959,0.3642307055429742,HistGradientBoosting_C07,1,"1, 2, 3",4,0.7474290000100154,0.027362799999536946,0.015187121954440495,0.5919954334938846
HistGradientBoosting,temporal_validation_week_5,4681,528,0.11279641102328562,0.1504377278764248,0.5795595918248218,0.3505288222847045,HistGradientBoosting_C07,2,"1, 2, 3, 4",5,0.8560358999966411,0.028088599996408448,0.009302300316955635,0.5498775226896586
HistGradientBoosting,temporal_validation_week_6,4241,473,0.11153029945767508,0.15229788968108693,0.5814396744814461,0.34629690996536716,HistGradientBoosting_C07,3,"1, 2, 3, 4, 5",6,0.9214633999945363,0.02416879999509547,0.012379720211127146,0.4915976244874109
HistGradientBoosting,temporal_validation_week_4,4733,557,0.11768434396788506,0.13434494067308836,0.5495276935141047,0.3835376978465654,HistGradientBoosting_C08,1,"1, 2, 3",4,2.5966174000059254,0.047841000006883405,0.005714738673803225,0.7024179515480801
HistGradientBoosting,temporal_validation_week_5,4681,528,0.11279641102328562,0.1458270951469362,0.5684955745755167,0.3604808150147935,HistGradientBoosting_C08,2,"1, 2, 3, 4",5,2.5285795999952825,0.046900999994250014,0.0035428330035819316,0.5103110881667123
HistGradientBoosting,temporal_validation_week_6,4241,473,0.11153029945767508,0.14315394886761812,0.5684410390379877,0.3538752715204713,HistGradientBoosting_C08,3,"1, 2, 3, 4, 5",6,2.5997265999903902,0.03839010000228882,0.008163108951178001,0.5370335271884417
HistGradientBoosting,temporal_validation_week_4,4733,557,0.11768434396788506,0.14363855774117568,0.5636164936681869,0.36834121901202577,HistGradientBoosting_C09,1,"1, 2, 3",4,1.7530569000082323,0.046697999991010875,0.00846016004351348,0.7128390692872324
HistGradientBoosting,temporal_validation_week_5,4681,528,0.11279641102328562,0.14712004311511673,0.5751866120876475,0.3521016416936055,HistGradientBoosting_C09,2,"1, 2, 3, 4",5,1.9699605999921914,0.046632199999294244,0.006098064048398566,0.5577815002433162
HistGradientBoosting,temporal_validation_week_6,4241,473,0.11153029945767508,0.14941305719362058,0.5719203215685218,0.3488098768770395,HistGradientBoosting_C09,3,"1, 2, 3, 4, 5",6,2.3284739999944577,0.041638199996668845,0.007609171345594472,0.5578706264050783
HistGradientBoosting,temporal_validation_week_4,4733,557,0.11768434396788506,0.13933466942906583,0.5571286207584418,0.3696191719904927,HistGradientBoosting_C10,1,"1, 2, 3",4,2.051275899997563,0.058601699987775646,0.0058014653174094915,0.6726684303695124
HistGradientBoosting,temporal_validation_week_5,4681,528,0.11279641102328562,0.14936273835017339,0.5859049500543602,0.3514083853353624,HistGradientBoosting_C10,2,"1, 2, 3, 4",5,2.5874812999973074,0.04913400000077672,0.008180494951459187,0.5082116844738089
HistGradientBoosting,temporal_validation_week_6,4241,473,0.11153029945767508,0.15838606742033745,0.5878842865030097,0.3459512305461281,HistGradientBoosting_C10,3,"1, 2, 3, 4, 5",6,6.2441019999969285,0.03975870000431314,0.01059938817573129,0.55487781602465
HistGradientBoosting,temporal_validation_week_4,4733,557,0.11768434396788506,0.1426325183055071,0.5655631564827999,0.36366794293572796,HistGradientBoosting_C11,1,"1, 2, 3",4,1.1678592999960529,0.045547500005341135,0.02021091953911698,0.5860042475261112
HistGradientBoosting,temporal_validation_week_5,4681,528,0.11279641102328562,0.14871132514867363,0.5788664090945574,0.35051354023389686,HistGradientBoosting_C11,2,"1, 2, 3, 4",5,3.8495397999940906,0.03497760000755079,0.010559212993428418,0.5287195138836082
HistGradientBoosting,temporal_validation_week_6,4241,473,0.11153029945767508,0.15699968089967256,0.587090913579582,0.344866774291314,HistGradientBoosting_C11,3,"1, 2, 3, 4, 5",6,1.4584785999904852,0.03260190000582952,0.01472219139526816,0.572559840120695
HistGradientBoosting,temporal_validation_week_4,4733,557,0.11768434396788506,0.13378707167535042,0.5487181603692468,0.3790686506615274,HistGradientBoosting_C12,1,"1, 2, 3",4,5.049719600006938,0.34905770000477787,0.009287523322951807,0.6080608244583773
HistGradientBoosting,temporal_validation_week_5,4681,528,0.11279641102328562,0.15021372174656514,0.5795614159899014,0.3560439960673244,HistGradientBoosting_C12,2,"1, 2, 3, 4",5,6.410884800003259,0.07735599999432452,0.00617435601471663,0.5243333412813267
HistGradientBoosting,temporal_validation_week_6,4241,473,0.11153029945767508,0.1506512132543701,0.5742263772370424,0.3509954085708089,HistGradientBoosting_C12,3,"1, 2, 3, 4, 5",6,3.7868983000080334,0.06781959999352694,0.008264692773926975,0.6158229993707106
LogisticRegression_unweighted,temporal_validation_week_4,4733,557,0.11768434396788506,0.15375980027484148,0.5830534575620627,0.3590032191468919,stage6_selected_pipeline,1,"1, 2, 3",4,0.19407850000425242,0.010307999997166917,0.025092789502393242,0.5038343733101761
LogisticRegression_unweighted,temporal_validation_week_5,4681,528,0.11279641102328562,0.15764890702813708,0.5949172376303365,0.3475641630971085,stage6_selected_pipeline,2,"1, 2, 3, 4",5,0.20787689999269787,0.009655000001657754,0.02424309663448164,0.5147506760023165
LogisticRegression_unweighted,temporal_validation_week_6,4241,473,0.11153029945767508,0.1535779141568819,0.5868614301809384,0.34554481234464157,stage6_selected_pipeline,3,"1, 2, 3, 4, 5",6,0.2701207000063732,0.00927629999932833,0.02645167440726418,0.46753464639013037
