transformed_feature,coefficient,feature,feature_type,odds_ratio,absolute_coefficient
categorical__rusher_position_lined_up_NRT,-0.8438484171022586,rusher_position_lined_up_NRT,categorical_one_hot,0.4300523140546976,0.8438484171022586
categorical__rusher_position_lined_up_NLT,-0.7211529938629707,rusher_position_lined_up_NLT,categorical_one_hot,0.4861913570147215,0.7211529938629707
categorical__rusher_position_lined_up_SCBiL,0.5626111270341181,rusher_position_lined_up_SCBiL,categorical_one_hot,1.7552497018162192,0.5626111270341181
categorical__rusher_position_lined_up_LCB,-0.4953333112581549,rusher_position_lined_up_LCB,categorical_one_hot,0.6093677643070671,0.4953333112581549
numeric__rusher_qb_distance,0.46353186680850794,rusher_qb_distance,numeric_standardized,1.5896786149014255,0.46353186680850794
categorical__rusher_position_lined_up_DLT,-0.45171983988056513,rusher_position_lined_up_DLT,categorical_one_hot,0.6365324757612341,0.45171983988056513
categorical__rusher_position_lined_up_SCBoL,0.4428137329433077,rusher_position_lined_up_SCBoL,categorical_one_hot,1.557082274196051,0.4428137329433077
categorical__rusher_position_lined_up_NT,-0.429973307955185,rusher_position_lined_up_NT,categorical_one_hot,0.6505264583729601,0.429973307955185
categorical__rusher_position_lined_up_DRT,-0.4191504126748959,rusher_position_lined_up_DRT,categorical_one_hot,0.6576052756600843,0.4191504126748959
categorical__rusher_position_lined_up_SCBL,0.3368265943510259,rusher_position_lined_up_SCBL,categorical_one_hot,1.4004961887307021,0.3368265943510259
categorical__rusher_position_lined_up_LLB,0.3282296089174488,rusher_position_lined_up_LLB,categorical_one_hot,1.3885077494521934,0.3282296089174488
numeric__rusher_qb_absolute_lateral_gap,-0.29629034602052184,rusher_qb_absolute_lateral_gap,numeric_standardized,0.7435715036482478,0.29629034602052184
categorical__rusher_position_lined_up_MLB,0.27164460657345757,rusher_position_lined_up_MLB,categorical_one_hot,1.3121205994020726,0.27164460657345757
categorical__rusher_position_lined_up_LILB,0.25662655293402964,rusher_position_lined_up_LILB,categorical_one_hot,1.2925623330051645,0.25662655293402964
numeric__rusher_velocity_toward_qb,0.21765093122596177,rusher_velocity_toward_qb,numeric_standardized,1.2431530459620694,0.21765093122596177
numeric__nearest_blocker_direction_to_rusher_alignment,-0.1929867757736825,nearest_blocker_direction_to_rusher_alignment,numeric_standardized,0.8244928773474219,0.1929867757736825
numeric__rusher_blocker_closing_speed,-0.17079787829671006,rusher_blocker_closing_speed,numeric_standardized,0.8429919432207514,0.17079787829671006
numeric__nearest_blocker_direction_sin,0.15721758812940062,nearest_blocker_direction_sin,numeric_standardized,1.1702502187564419,0.15721758812940062
numeric__rusher_velocity_x,-0.1549166908626401,rusher_velocity_x,numeric_standardized,0.8564865276652914,0.1549166908626401
categorical__rusher_position_lined_up_RE,-0.15203669449471438,rusher_position_lined_up_RE,categorical_one_hot,0.8589567611784968,0.15203669449471438
categorical__rusher_position_lined_up_SCBiR,0.1500617477618769,rusher_position_lined_up_SCBiR,categorical_one_hot,1.1619059856074019,0.1500617477618769
categorical__rusher_position_lined_up_SCBR,-0.14247016751786754,rusher_position_lined_up_SCBR,categorical_one_hot,0.8672134250353662,0.14247016751786754
categorical__rusher_position_lined_up_RILB,-0.14146263876300466,rusher_position_lined_up_RILB,categorical_one_hot,0.868087607805882,0.14146263876300466
categorical__rusher_position_lined_up_RCB,-0.1409115263255151,rusher_position_lined_up_RCB,categorical_one_hot,0.8685661535375145,0.1409115263255151
categorical__rusher_position_lined_up_ROLB,-0.12478231616837647,rusher_position_lined_up_ROLB,categorical_one_hot,0.8826890288023729,0.12478231616837647
numeric__quarterback_speed,-0.12454630133392641,quarterback_speed,numeric_standardized,0.8828973810935251,0.12454630133392641
categorical__rusher_position_lined_up_RLB,0.12412057097511026,rusher_position_lined_up_RLB,categorical_one_hot,1.1321523674851737,0.12412057097511026
numeric__rusher_qb_closing_speed,-0.12376279970562888,rusher_qb_closing_speed,numeric_standardized,0.8835894036942475,0.12376279970562888
numeric__rusher_qb_longitudinal_gap,-0.1237179577680264,rusher_qb_longitudinal_gap,numeric_standardized,0.8836290264435279,0.1237179577680264
numeric__nearest_blocker_speed,0.12047943046016897,nearest_blocker_speed,numeric_standardized,1.128037537514064,0.12047943046016897
categorical__rusher_position_lined_up_LE,-0.1070492981931118,rusher_position_lined_up_LE,categorical_one_hot,0.8984813783899934,0.1070492981931118
categorical__rusher_position_lined_up_LOLB,0.10576109455279824,rusher_position_lined_up_LOLB,categorical_one_hot,1.1115562879304572,0.10576109455279824
numeric__nearest_blocker_velocity_x,0.10144099799156268,nearest_blocker_velocity_x,numeric_standardized,1.1067646151302828,0.10144099799156268
numeric__rusher_x_relative_to_ball,-0.09935413695878738,rusher_x_relative_to_ball,numeric_standardized,0.9054220078447298,0.09935413695878738
categorical__rusher_position_lined_up_LEO,0.09234608680927002,rusher_position_lined_up_LEO,categorical_one_hot,1.0967443251506022,0.09234608680927002
numeric__quarterback_depth_behind_ball,-0.07409636458848735,quarterback_depth_behind_ball,numeric_standardized,0.9285822070874167,0.07409636458848735
categorical__rusher_position_lined_up_SSR,-0.06691185641011607,rusher_position_lined_up_SSR,categorical_one_hot,0.9352776364320738,0.06691185641011607
numeric__nearest_blocker_absolute_lateral_offset,0.06088663932224093,nearest_blocker_absolute_lateral_offset,numeric_standardized,1.0627784300751029,0.06088663932224093
numeric__rusher_speed,-0.05595389109688131,rusher_speed,numeric_standardized,0.9455827346679462,0.05595389109688131
categorical__rusher_position_lined_up_REO,0.05569673754050944,rusher_position_lined_up_REO,categorical_one_hot,1.057277002689609,0.05569673754050944
numeric__rusher_direction_to_qb_alignment,0.05501943322648932,rusher_direction_to_qb_alignment,numeric_standardized,1.0565611468680571,0.05501943322648932
numeric__quarterback_acceleration,0.051318292939751035,quarterback_acceleration,numeric_standardized,1.0526578935417545,0.051318292939751035
numeric__rusher_displacement,0.05131214401102552,rusher_displacement,numeric_standardized,1.052651420843295,0.05131214401102552
numeric__rusher_orientation_sin,0.04891453093293599,rusher_orientation_sin,numeric_standardized,1.0501305932222391,0.04891453093293599
numeric__quarterback_direction_sin,-0.04818649044717141,quarterback_direction_sin,numeric_standardized,0.952956053304679,0.04818649044717141
numeric__nearest_blocker_displacement,-0.04784483060011778,nearest_blocker_displacement,numeric_standardized,0.9532816957504062,0.04784483060011778
numeric__quarterback_displacement,0.04727543522120616,quarterback_displacement,numeric_standardized,1.048410738558386,0.04727543522120616
numeric__rusher_acceleration,0.045518266061804924,rusher_acceleration,numeric_standardized,1.0465701211538725,0.045518266061804924
categorical__rusher_position_lined_up_SCBoR,0.04026200415381634,rusher_position_lined_up_SCBoR,categorical_one_hot,1.0410835066655237,0.04026200415381634
categorical__rusher_position_lined_up_SSL,0.04015826417373659,rusher_position_lined_up_SSL,categorical_one_hot,1.0409755102851488,0.04015826417373659
numeric__rusher_orientation_to_qb_alignment,0.04009889949567865,rusher_orientation_to_qb_alignment,numeric_standardized,1.040913714943363,0.04009889949567865
categorical__rusher_position_lined_up_FS,-0.03902932989665787,rusher_position_lined_up_FS,categorical_one_hot,0.9617225015111224,0.03902932989665787
numeric__quarterback_velocity_x,0.03789712721554687,quarterback_velocity_x,numeric_standardized,1.038624381200432,0.03789712721554687
numeric__rusher_qb_lateral_offset,-0.031775646878861155,rusher_qb_lateral_offset,numeric_standardized,0.968723893930115,0.031775646878861155
numeric__quarterback_orientation_cos,0.03171837058938995,quarterback_orientation_cos,numeric_standardized,1.0322267589519385,0.03171837058938995
numeric__nearest_blocker_lateral_offset,-0.030624239594764995,nearest_blocker_lateral_offset,numeric_standardized,0.9698399320617833,0.030624239594764995
numeric__nearest_blocker_velocity_y,-0.02781294475387428,nearest_blocker_velocity_y,numeric_standardized,0.9725702741593611,0.02781294475387428
numeric__nearest_blocker_acceleration,-0.027538064355686103,nearest_blocker_acceleration,numeric_standardized,0.972837651410287,0.027538064355686103
numeric__quarterback_direction_cos,-0.02513774050746792,quarterback_direction_cos,numeric_standardized,0.9751755815976946,0.02513774050746792
numeric__rusher_direction_cos,0.02428625014951316,rusher_direction_cos,numeric_standardized,1.024583563116005,0.02428625014951316
numeric__football_x,0.02301320319856836,football_x,numeric_standardized,1.0232800500277182,0.02301320319856836
numeric__rusher_direction_sin,0.020565348278535758,rusher_direction_sin,numeric_standardized,1.0207782721665293,0.020565348278535758
numeric__rusher_orientation_cos,0.01922104442306138,rusher_orientation_cos,numeric_standardized,1.0194069579376883,0.01922104442306138
numeric__rusher_velocity_y,-0.018138564546104498,rusher_velocity_y,numeric_standardized,0.9820249490890264,0.018138564546104498
numeric__nearest_blocker_longitudinal_offset,-0.018047738758432408,nearest_blocker_longitudinal_offset,numeric_standardized,0.9821141463291846,0.018047738758432408
numeric__nearest_blocker_direction_cos,0.01802303144620927,nearest_blocker_direction_cos,numeric_standardized,1.01818642642566,0.01802303144620927
numeric__quarterback_velocity_y,0.017299336686109876,quarterback_velocity_y,numeric_standardized,1.0174498368092222,0.017299336686109876
numeric__nearest_blocker_velocity_toward_rusher,-0.016506620413138565,nearest_blocker_velocity_toward_rusher,numeric_standardized,0.9836288673396394,0.016506620413138565
numeric__quarterback_y,-0.015725680605813825,quarterback_y,numeric_standardized,0.9843973222972573,0.015725680605813825
numeric__play_pass_rusher_count,-0.015343679131746843,play_pass_rusher_count,numeric_standardized,0.9847734353587407,0.015343679131746843
numeric__nearest_blocker_orientation_cos,-0.012960217189861406,nearest_blocker_orientation_cos,numeric_standardized,0.9871234047821474,0.012960217189861406
numeric__nearest_blocker_distance,0.012674500618232115,nearest_blocker_distance,numeric_standardized,1.0127551625240763,0.012674500618232115
numeric__play_pass_blocker_count,-0.008593525005949135,play_pass_blocker_count,numeric_standardized,0.9914432937868409,0.008593525005949135
numeric__nearest_blocker_orientation_sin,-0.00838856001441326,nearest_blocker_orientation_sin,numeric_standardized,0.9916465257801707,0.00838856001441326
numeric__quarterback_orientation_sin,-0.007380701908442269,quarterback_orientation_sin,numeric_standardized,0.9926464685850236,0.007380701908442269
numeric__protection_count_advantage,0.006222090346694004,protection_count_advantage,numeric_standardized,1.0062414877607875,0.006222090346694004
numeric__nearest_blocker_orientation_to_rusher_alignment,0.0008987271455989463,nearest_blocker_orientation_to_rusher_alignment,numeric_standardized,1.0008991311218525,0.0008987271455989463
